ID,FirstName,Surname,Email,Phone,StreetAddress1,StreetAddress2,CompanyName,ProductName,Price,Date,Status
1621,ROELYN,POOT,POOTSCACTUS@YAHOO.COM,"(209) 599-7241","17229 E State Highway 120",,"Poots House of Cactus","SMARTsite (Loyal 9)",220,"2014-06-19 11:31:12",Paid
1624,JIM,SIEGEL,siegelfrmr13@hotmail.com,"(815) 941-4910","270 E. Minooka Rd",,"Designer Decks by MJ, Inc","SMARTsite (Loyal 9)",220,"2014-06-19 02:17:12",Paid
1615,Randy,Speth,randyspeth@eliteelectricqc.com,"(563) 386-6000","6110 N Brady St",,"Elite Electric","SMARTsite (Loyal 9)",220,"2014-06-18 03:40:46",Paid
1607,Truman,Hill,2826@sbcglobal.net,"(800) 966-5278","2826 Bee Cave St",,"South texas spray booth and blast rooms","SMARTsite (Loyal 9)",220,"2014-06-17 05:41:01",Paid
1606,Edward,Olden,eolden82@gmail.com,"(270) 625-2014","200 S. Darby Street",,"Olden Window Tinting & Detailing","SMARTsite (Loyal 9)",220,"2014-06-17 05:37:22",Paid
1597,Larry,Portch,lri-1@msn.com,"(703) 777-9446","645 Burnside Ter.SE",,"Loudon Refrigeration Heating & Air Conditioning","SMARTsite (Loyal 9)",220,"2014-06-17 01:14:39",Paid
1571,Michael,FARMER,dixie1paving@yahoo.com,"(434) 645-1161","PO BOX 397",,"DIXIE PAVING AND SEALING","SMARTsite (Loyal 9)",220,"2014-06-13 03:53:40",Paid
1570,Raul,Perez,perezpaintinginc@yahoo.com,"(216) 351-3101","4094 W 57th St",,"Perez Painting Inc","SMARTsite (Loyal 9)",220,"2014-06-13 03:39:14",Paid
